24/7/2024,edition,CNN.com - RSS Channel - App International Edition
24/7/2024,edition,CNN.com - RSS Channel - App International Edition
24/7/2024,edition,Trump pleads not guilty to 34 felony counts
24/7/2024,edition,Haberman reveals why Trump attacked judge and his family in speech
24/7/2024,edition,What to know about the Trump indictment on the eve of his court appearance
24/7/2024,edition,READ: Trump indictment related to hush money payment
24/7/2024,edition,Russian authorities detain suspect over St. Petersburg cafe blast
24/7/2024,edition,Video shows moment of deadly explosion at cafe in Russia
24/7/2024,edition,"Wall Street Journal reporter Evan Gershkovich appeals against arrest, Russian state media says"
24/7/2024,edition,Suspected Chinese spy balloon was able to transmit information back to Beijing
24/7/2024,edition,Beijing promised to 'fight back' over Taiwan leader's US visit. But this time it has more to lose
24/7/2024,edition,"'Scary, cold, hungry and lonely': Volunteer soldier shares experience on front line"
24/7/2024,edition,The four astronauts NASA picked for the first crewed moon mission in 50 years
24/7/2024,edition,French minister under fire for Playboy magazine cover
24/7/2024,edition,Why did Finland's PM lose? Reporter explains the key issue voters cared about
24/7/2024,edition,Britain's pound is beating every other major currency this year
24/7/2024,edition,Finland's Prime Minister Sanna Marin concedes election
24/7/2024,edition,Hundreds of millions at risk from Chinese shopping app malware 
24/7/2024,edition,The $500 billion beauty industry's 'green' ambitions are a patchwork at best. And they're falling short
24/7/2024,edition,A new approach to a Covid-19 nasal vaccine shows early promise
24/7/2024,edition,Video shows moment man throws yogurt on two women in Iran
24/7/2024,edition,"Israeli military veterans, a backbone of protest movement, vow to keep demonstrating"
24/7/2024,edition,Erdogan's political fate may be determined by Turkey's Kurds 
24/7/2024,edition,Dogecoin jumps after Elon Musk replaces Twitter bird with Shiba Inu
24/7/2024,edition,Micron Technology: China probes US chip maker for cybersecurity risks as tech tension escalates
24/7/2024,edition,Man rides out tornado inside van. See the footage
24/7/2024,edition,"China Renaissance suspends trading, delays results after founder's disappearance "
24/7/2024,edition,HSBC's top execs face tense shareholders calling for a breakup
24/7/2024,edition,Lawmaker speaks out about his struggle with depression
24/7/2024,edition,CEOs are tired of being held responsible for gun regulation
24/7/2024,edition,What pet cemeteries reveal about being human
24/7/2024,edition,Scientists film deepest ever fish on seabed off Japan 
24/7/2024,edition,What OPEC's surprise oil cut means for gas prices
24/7/2024,edition,Palestinian taxi driver recounts surviving attack by right-wing protesters
24/7/2024,edition,Giving Marjorie Taylor Greene a platform isn't good for America
24/7/2024,edition,These are the animals people most want to see photographed
24/7/2024,edition,"Syrian refugee elected mayor of German town, years after fleeing war"
24/7/2024,edition,"Study finds slightly higher risk of autism diagnosis in areas with more lithium in drinking water, but experts say more research is needed"
24/7/2024,edition,"Kwame Brathwaite, photographer of 'Black is Beautiful' movement, dies at 85"
24/7/2024,edition,This boiled bag of offal is banned in the US. In Scotland it's a fine-dining treat
24/7/2024,edition,Musk's Twitter promised a purge of blue check marks. Instead he singled out the New York Times
24/7/2024,edition,See the world's deepest fish
24/7/2024,edition,Emma Heming Willis shares family photos as daughter Mabel turns 11
24/7/2024,edition,Some fans whistle as Lionel Messi's name is announced as Paris Saint-Germain's season hits new low
24/7/2024,edition,Chelsea searches for new manager as Premier League breaks record for most sackings in a single season 
24/7/2024,edition,See 'Star Wars' legend react to Acosta's Darth Vader impression
24/7/2024,edition,Angel Reese defends gesture directed towards Caitlin Clark after LSU national title win; calls out double standard after being 'unapologetically' her 
24/7/2024,edition,Teenage swimmer breaks two world records in four days
24/7/2024,edition,The haunting Masters meltdown that changed Rory McIlroy's career
24/7/2024,edition,A snowboarder got buried upside down in snow. See skier's quick reaction.
24/7/2024,edition,2023 March Madness: Will UConn or San Diego State triumph in the national championship game that 'means everything?'
24/7/2024,edition,Shania Twain calls for equal pay and more diversity in country music
24/7/2024,edition_world,CNN.com - RSS Channel - World
24/7/2024,edition_world,CNN.com - RSS Channel - World
24/7/2024,edition_world,Markets digest bank earnings after recent turmoil
24/7/2024,edition_world,Still haven't filed your taxes? Here's what you need to know
24/7/2024,edition_world,Retail spending fell in March as consumers pull back
24/7/2024,edition_world,Analysis: Fox News is about to enter the true No Spin Zone
24/7/2024,edition_world,Silicon Valley Bank collapse renews calls to address disparities impacting entrepreneurs of color 
24/7/2024,edition_world,"Not only is Lake Powell's water level plummeting because of drought, its total capacity is shrinking, too"
24/7/2024,edition_world,"These were the best and worst places for air quality in 2021, new report shows"
24/7/2024,edition_world,Big-box stores could help slash emissions and save millions by putting solar panels on roofs. Why aren't more of them doing it?
24/7/2024,edition_world,Look of the Week: Blackpink headline Coachella in Korean hanboks
24/7/2024,edition_world,Scientists identify secret ingredient in Leonardo da Vinci paintings
24/7/2024,edition_world,How Playboy cut ties with Hugh Hefner to create a post-MeToo brand
24/7/2024,edition_world,'A definitive backslide.' Inside fashion's worrying runway trend
24/7/2024,edition_world,Michael Jordan's 1998 NBA Finals sneakers sell for a record $2.2 million
24/7/2024,edition_world,The surreal facades of America's strip clubs
24/7/2024,edition_world,Here's the real reason to turn on airplane mode when you fly
24/7/2024,edition_world,"'I was up to my waist down a hippo's throat.' He survived, and here's his advice"
24/7/2024,edition_world,They bought an abandoned 'ghost house' in the Japanese countryside
24/7/2024,edition_world,Relaxed entry rules make it easier than ever to visit this stunning Asian nation
24/7/2024,edition_world,The most beautiful sections of China's Great Wall
24/7/2024,edition_world,Sign up to our newsletter for a weekly roundup of travel news
24/7/2024,edition_world,"Nelly Cheboi, who creates computer labs for Kenyan schoolchildren, is CNN's Hero of the Year"
24/7/2024,edition_world,CNN Heroes: Sharing the Spotlight
24/7/2024,edition_world,Donate now to a Top 10 CNN Hero
24/7/2024,edition_world,0% intro APR until 2024 is 100% insane
24/7/2024,edition_world,It's official: now avoid credit card interest into 2024
24/7/2024,edition_world,Experts: this is the best cash back card of 2022
24/7/2024,edition_world,Turn Your Rising Home Equity Into Cash You Can Use
24/7/2024,edition_world,Dream Big with a Home Equity Loan
24/7/2024,edition_world,Want Cash Out of Your Home? Here Are Your Best Options
24/7/2024,edition_africa,CNN.com - RSS Channel - Regions - Africa
24/7/2024,edition_africa,CNN.com - RSS Channel - Regions - Africa
24/7/2024,edition_africa,'People find us easy targets': Women politicians face a torrent of online abuse but say they won't stop their work 
24/7/2024,edition_africa,Ethiopia
24/7/2024,edition_africa,Nigeria
24/7/2024,edition_africa,Most wanted Rwandan genocide suspect arrested in South Africa after decades on the run 
24/7/2024,edition_africa,"'We're humans': P-Square on their breakup, reuniting and a new album in the works "
24/7/2024,edition_africa,"As the West surges toward electric cars, here's where the unwanted gas guzzlers go"
24/7/2024,edition_africa,Their son was banned from school for 3 years because of his dreadlocks
24/7/2024,edition_africa,"Africa may need its own central medicines agency, says Aspen Pharmacare CEO "
24/7/2024,edition_africa,"Almost 250,000 flee floods in Somali city that 'became like an ocean'"
24/7/2024,edition_africa,US imposes visa bans on Nigerians who disrupted elections
24/7/2024,edition_africa,Four killed after US convoy attacked in Nigeria 
24/7/2024,edition_africa,Six more bodies recovered after hippo capsized boat in Malawi
24/7/2024,edition_africa,"Toddler dead, 23 others missing as hippo capsizes boat in Malawi"
24/7/2024,edition_africa,Ten lions killed in Kenya as conflict between humans and wild animals worsens 
24/7/2024,edition_africa,"South Africa loaded arms onto sanctioned Russian vessel, US ambassador tells local media   "
24/7/2024,edition_africa,Nigerian chef cooks for 100 hours in world record attempt
24/7/2024,edition_africa,"For years, a UK mining giant was untouchable in Zambia for pollution until a former miner's son took them on"
24/7/2024,edition_africa,Batteries for hire could help Nigerians ditch their generators 
24/7/2024,edition_africa,Angélique Kidjo becomes just the third artist from Africa to be awarded prestigious music prize
24/7/2024,edition_africa,Finding a brighter future for Tanzania's child domestic workers
24/7/2024,edition_africa,African basketball stars are making their mark on the NBA
24/7/2024,edition_africa,'Ambassadors of peace': Amputee football association brings together Sierra Leone's civil war survivors
24/7/2024,edition_africa,Nigerian AI artist creates a fashion show for elderly people
24/7/2024,edition_africa,The Grammys are considering adding an Afrobeats category 
24/7/2024,edition_africa,The YouTube prayer channel started during Covid that's causing a stir
24/7/2024,edition_africa,How Afrobeats has become an unstoppable musical force
24/7/2024,edition_africa,This CNN Hero upcycles old computers to open new worlds for young Kenyans
24/7/2024,edition_africa,CNN reporter: Report of Nigerian mass abortion program could affect US relations
24/7/2024,edition_africa,Watch: Nigerian presidential candidate Peter Obi on his plans to transform Nigeria's economy
24/7/2024,edition_americas,CNN.com - RSS Channel - Regions - Americas
24/7/2024,edition_americas,CNN.com - RSS Channel - Regions - Americas
24/7/2024,edition_americas,Abortion rights
24/7/2024,edition_americas,Canada
24/7/2024,edition_americas,Highland Park shooting
24/7/2024,edition_americas,Mexico
24/7/2024,edition_americas,Uvalde shooting
24/7/2024,edition_americas,CNN en Español
24/7/2024,edition_americas,Claudia Sheinbaum projected to be Mexico's first woman president
24/7/2024,edition_americas,Leopoldo Lopez Fast Facts
24/7/2024,edition_americas,Jair Bolsonaro Fast Facts
24/7/2024,edition_americas,Wayne Gretzky Fast Facts
24/7/2024,edition_americas,Dilma Rousseff Fast Facts
24/7/2024,edition_americas,American woman accused of conspiring to kill her husband released on bail in the Bahamas
24/7/2024,edition_americas,Nicolás Maduro Fast Facts
24/7/2024,edition_americas,"Argentina election: Polls close, battle heading to run-off with Massa leading Milei"
24/7/2024,edition_americas,Amazon rivers fall to lowest levels in 121 years amid a severe drought
24/7/2024,edition_americas,"Noboa, 35, to become Ecuador's next president"
24/7/2024,edition_americas,A Chilean national wanted in the killing of famed singer-activist Victor Jara is in custody after his US citizenship was revoked
24/7/2024,edition_americas,A floating village is stranded on a dry lakebed as extreme drought grips the Amazon
24/7/2024,edition_americas,Mexico bus crash kills at least 16 Venezuelan and Haitian migrants
24/7/2024,edition_americas,"Venezuela seeks arrest of Juan Guaido, US-based opposition leader"
24/7/2024,edition_americas,"For hundreds of migrant children living in shelters at the border, this CNN Hero's mobile classrooms offer education and stability"
24/7/2024,edition_americas,"Analysis: As Mexico cracks down on migrants, AMLO gains leverage with Washington"
24/7/2024,edition_americas,Analysis: The women vying to become Mexico's next presidentt
24/7/2024,edition_americas,UN Security Council approves sending foreign forces to Haiti
24/7/2024,edition_americas,11 killed after Mexico church roof collapses
24/7/2024,edition_americas,2 killed in suspected grizzly bear attack in Canada's Banff National Park
24/7/2024,edition_americas,"At least 10 Cuban migrants die after truck overturns in Mexico, officials say"
24/7/2024,edition_americas,"They should be in elementary school, instead they speak like war veterans"
24/7/2024,edition_asia,CNN.com - RSS Channel - Regions - Asia
24/7/2024,edition_asia,CNN.com - RSS Channel - Regions - Asia
24/7/2024,edition_asia,How Indonesia's new sex laws will affect tourists
24/7/2024,edition_asia,Afghanistan
24/7/2024,edition_asia,Hong Kong
24/7/2024,edition_asia,Japan
24/7/2024,edition_asia,North Korea
24/7/2024,edition_asia,Pakistan
24/7/2024,edition_asia,Sri Lanka
24/7/2024,edition_asia,Taiwan
24/7/2024,edition_asia,This 'edible' plastic bag alternative could save Nara's sacred deer 
24/7/2024,edition_asia,The battle to save Sri Lanka's leopards
24/7/2024,edition_asia,Wildlife is flourishing around Fukushima 
24/7/2024,edition_asia,China debuts 620 kph train prototype 
24/7/2024,edition_asia,A Shanghai building 'walks' to a new location
24/7/2024,edition_asia,Self-driving robotaxis are taking off in China
24/7/2024,edition_asia,Travel to Japan during Covid-19: What you need to know 
24/7/2024,edition_asia,Sri Lanka reopens borders to international travelers
24/7/2024,edition_asia,Singapore Airlines plans for a fully vaccinated crew
24/7/2024,edition_asia,"June 4, 2024 - Modi declares victory in India election as BJP party faces shock setbacks"
24/7/2024,edition_asia,The latest on Singapore Airlines turbulence incident
24/7/2024,edition_asia,Kashmir Fast Facts
24/7/2024,edition_asia,Hundreds stranded after deadly 7.4 magnitude quake hits Taiwan
24/7/2024,edition_asia,"7.4 magnitude quake hits Taiwan, strongest in 25 years"
24/7/2024,edition_asia,North Korea Nuclear Timeline Fast Facts
24/7/2024,edition_asia,Rodrigo Duterte Fast Facts
24/7/2024,edition_asia,Australian Open Fast Facts
24/7/2024,edition_asia,India's Ayodhya Ram Mandir temple inaugurated by Modi
24/7/2024,edition_asia,Japan Airlines jet burst into flames after collision with quake-relief plane
24/7/2024,edition_asia,"January 1, 2024 Japan earthquake"
24/7/2024,edition_asia,Mahathir Mohamad Fast Facts
24/7/2024,edition_asia,'They destroyed our trees': Women say their farms were seized to support Indonesia's electric vehicle boom
24/7/2024,edition_golf,CNN.com - RSS Channel - Sport - Golf
24/7/2024,edition_golf,CNN.com - RSS Channel - Sport - Golf
24/7/2024,edition_golf,Nine-year-old Brazilian becomes youngest ever to attempt US Women's Open qualification
24/7/2024,edition_golf,Rickie Fowler picks up snake with golf club at Wells Fargo Championship
24/7/2024,edition_golf,Wyndham Clark soars to first PGA Tour victory at Wells Fargo Championship 
24/7/2024,edition_golf,Tee-k Tock: The 'appalling' slow play controversy riling golf's biggest stars
24/7/2024,edition_golf,'We know what's at stake': Matt Fitzpatrick playing to win his brother a PGA Tour spot at Zurich Classic
24/7/2024,edition_golf,Chris Kirk speaks to CNN after first PGA Tour win in 8 years
24/7/2024,edition_golf,The incredible true story of the time an astronaut played golf on the moon
24/7/2024,edition_golf,Rising star Atthaya Thitikul eyes major 2023
24/7/2024,edition_golf,Switzerland's glorious golf course
24/7/2024,edition_golf,Meet 15-year-old golfing record breaker Ratchanon 'TK' Chantananuwat
24/7/2024,edition_golf,Making whisky in golf country
24/7/2024,edition_golf,Golfer Danielle Kang set for comeback
24/7/2024,edition_golf,CNN sits down with 2022 US Open winner Matt Fitzpatrick
24/7/2024,edition_golf,Tony Finau's quest for his debut major
24/7/2024,edition_golf,'We are this good': Swedish golf's rising star hopes win will be watershed moment 
24/7/2024,edition_golf,"The meteoric rise of Brendan Lawlor, the world No. 1 golfer with a disability"
24/7/2024,edition_golf,The hectic double-life of 15-year-old Ratchanon 'TK' Chantananuwat
24/7/2024,edition_golf,Amir Malik is on a drive to make golf more inclusive for Muslims
24/7/2024,edition_golf,"Meet 'Snappy Gilmore,' the viral TikTok sensation reinventing the golf swing "
24/7/2024,edition_golf,An accidental master: The rise of legendary golf photographer David Cannon
24/7/2024,edition_motorsport,CNN.com - RSS Channel - Sport - Motorsport
24/7/2024,edition_motorsport,CNN.com - RSS Channel - Sport - Motorsport
24/7/2024,edition_motorsport,Mercedes driver George Russell speaks to CNN ahead of the 2022 British Grand Prix
24/7/2024,edition_motorsport,Fernando Alonso: Former two-time world champion sits down with CNN Sport
24/7/2024,edition_motorsport,Max Verstappen on becoming Formula 1 World Champion
24/7/2024,edition_motorsport,The Baja 1000: ﻿An unforgettable race adventure﻿
24/7/2024,edition_motorsport,Red Bull team boss discusses Max Verstappen's win and more
24/7/2024,edition_motorsport,'I was fearing death': Bubba Watson share mental health struggles
24/7/2024,edition_motorsport,NASCAR champion Kyle Larson experiences the lowest-lows and the highest-highs
24/7/2024,edition_motorsport,Christian Horner: Red Bull aren't the favorites for F1 title
24/7/2024,edition_motorsport,Pecco Bagnaia: MotoGP's rising Italian star
24/7/2024,edition_motorsport,Lewis Hamilton equals Michael Schumacher's record of seven world titles
24/7/2024,edition_motorsport,"'I have walked this sport alone,' says Lewis Hamilton after title win"
24/7/2024,edition_motorsport,Hamilton 'won't stop' fight against racism as FIA rules out investigation
24/7/2024,edition_motorsport,Ferrari's Sebastian Vettel will join Aston Martin F1 team
24/7/2024,edition_motorsport,Lewis Hamilton to enter his own team in new all-electric racing series
24/7/2024,edition_motorsport,Ferrari records worst home qualifying performance since 1984
24/7/2024,edition_motorsport,Lewis Hamilton pays tribute to Chadwick Boseman after Spa win
24/7/2024,edition_motorsport,F1 star Max Verstappen says he's not the new Michael Schumacher
24/7/2024,edition_motorsport,Brad Binder on cheating death amid crash carnage
24/7/2024,edition_motorsport,Driver suspended after gamer raced using his name in esports event
24/7/2024,edition_tennis,CNN.com - RSS Channel - Sport - Tennis
24/7/2024,edition_tennis,CNN.com - RSS Channel - Sport - Tennis
24/7/2024,edition_tennis,The day Roger Federer couldn't stop laughing at CNN correspondent's Spanish phrases
24/7/2024,edition_tennis,See Roger Federer share tears and laughter with CNN 
24/7/2024,edition_tennis,Carlos Alcaraz speaks with CNN after US Open win 
24/7/2024,edition_tennis,World No. 1 and US Open champion Iga Swiatek speaks to CNN
24/7/2024,edition_tennis,CNN interviewed Serena Williams when she was 9. Here's what she said
24/7/2024,edition_tennis,See how Serena Williams became one of the all-time greats
24/7/2024,edition_tennis,Everything you need to know (and more!) about pickleball
24/7/2024,edition_tennis,Elina Svitolina is on a 'mission' to help war-torn Ukraine
24/7/2024,edition_tennis,How Serena Williams' former coach brought Simona Halep back from the brink of tennis retirement
24/7/2024,edition_tennis,Carlos Alcaraz to CNN: 'I'm playing unbelievable tennis'
24/7/2024,edition_tennis,Australian Open adds an extra day to stop matches going late into the night
24/7/2024,edition_tennis,US Open women's final: American Coco Gauff rallies to defeat Aryna Sabalenka in dramatic finish
24/7/2024,edition_tennis,"Novak Djokovic beats Daniil Medvedev to win US Open men's final, extending his record grand slam titles to 24"
24/7/2024,edition_tennis,US Open: Novak Djokovic cruises to final after comfortable win against American Ben Shelton
24/7/2024,edition_tennis,Coco Gauff 'can't really get upset' at climate protesters who caused 45-minute delay in her US Open semifinal
24/7/2024,edition_tennis,How to watch US Open men's semifinals as American Ben Shelton bids to upset Novak Djokovic
24/7/2024,edition_tennis,How putting her life 'into perspective' helped Coco Gauff handle the pressure during US Open run
24/7/2024,edition_tennis,US Open women's semifinals: Coco Gauff and Madison Keys lead American quest for home glory
24/7/2024,edition_tennis,Naomi Osaka announces return to professional tennis in 2024
24/7/2024,edition_tennis,Daniil Medvedev through to US Open semifinals but issues warning after suffering in 'brutal' heat
24/7/2024,edition_tennis,Aryna Sabalenka breezes past Zheng Qinwen to reach US Open semifinals
24/7/2024,edition_tennis,Coco Gauff dominates Jelena Ostapenko to reach her first US Open semifinal
24/7/2024,edition_tennis,20-year-old Ben Shelton upsets Frances Tiafoe to advance to US Open semifinal
24/7/2024,edition_tennis,The American men aiming to upset the odds at this year's US Open
24/7/2024,edition_tennis,Tiafoe and Shelton make history in the first US Open quarterfinal between 2 Black men
24/7/2024,edition_tennis,Novak Djokovic into US Open semifinals with victory over American star Taylor Fritz
24/7/2024,edition_tennis,Madison Keys breezes past fellow US star Jessica Pegula to reach US Open quarterfinals
24/7/2024,edition_tennis,US Open: Defending champion Iga Świątek stunned by Jelena Ostapenko
24/7/2024,edition_tennis,World No. 1 Iga Świątek breezes past Kaja Juvan in less than 50 minutes to reach fourth round
24/7/2024,edition_tennis,ESPN tennis analyst John McEnroe will miss some of US Open after positive Covid-19 test
24/7/2024,edition_tennis,US Open provides the scene for the latest chapter in rivalry between Novak Djokovic and Carlos Alcaraz
24/7/2024,edition_tennis,Novak Djokovic edges past Carlos Alcaraz to capture first tournament title in return to US soil
24/7/2024,edition_tennis,Venus Williams picks up first win against top-20 opponent in four years
24/7/2024,edition_tennis,Novak Djokovic reaches ninth Wimbledon final after brushing aside Jannik Sinner; will face Carlos Alcaraz
24/7/2024,edition_tennis,Christopher Eubanks' Wimbledon dream run ends with loss to No. 3 Daniil Medvedev in quarterfinals
24/7/2024,edition_tennis,Novak Djokovic battles past Andrey Rublev to reach Wimbledon semifinals
24/7/2024,edition_tennis,How marathon running stopped former tennis player Monica Puig from descending into a 'big black hole of depression and sadness'
24/7/2024,edition_tennis,Novak Djokovic on cusp of historic 23rd grand slam as he faces Casper Ruud in French Open men's final
24/7/2024,edition_tennis,Iga Świątek wins women's French Open with thrilling victory over Karolína Muchová
24/7/2024,edition_tennis,Iga Świątek continues defense of French Open title with straight sets victory over American Coco Gauff
24/7/2024,edition_tennis,"Aryna Sabalenka exacerbated handshake snub by waiting at the net, says Elina Svitolina"
24/7/2024,edition_tennis,Tennis star in tears as she struggles to answer questions about disqualification
24/7/2024,edition_tennis,Ukrainian star Elina Svitolina calls Russian opponent 'brave' following French Open win
24/7/2024,edition_tennis,Novak Djokovic progresses to a record 17th French Open quarterfinal
24/7/2024,edition_tennis,Doubles pair disqualified from French Open after ball hits ball girl
24/7/2024,edition_tennis,Coco Gauff defeats Mirra Andreeva in the battle of the teenagers at French Open
24/7/2024,edition_tennis,"Belarusian star opts out of French Open press conference, saying she 'did not feel safe' at last press conference"
24/7/2024,edition_tennis,Tennis star in heated exchange with umpire over a toilet break
24/7/2024,edition_tennis,"Mirra Andreeva, 16, continues meteoric rise by advancing to French Open third round"
24/7/2024,edition_tennis,Novak Djokovic stands by Kosovo comments at the French Open
24/7/2024,edition_tennis,How Russia's invasion of Ukraine has impacted tennis
24/7/2024,edition_tennis,Kosovan Olympic Committee calls for disciplinary action against Novak Djokovic
24/7/2024,edition_tennis,Elina Svitolina and husband Gaël Monfils are having quite a time at the French Open
24/7/2024,edition_tennis,Coco Gauff says Miami Heat star Jimmy Butler offered her tickets to the NBA Finals before beginning of playoffs
24/7/2024,edition_tennis,World No. 172 Thiago Seyboth Wild stuns Russian star Daniil Medvedev in French Open upset
24/7/2024,edition_tennis,Novak Djokovic makes political statement about Kosovo after first-round French Open win
24/7/2024,edition_tennis,Novak Djokovic gets French Open campaign off to winning start; matches Roger Federer record
24/7/2024,edition_tennis,'Like a freight train once we got hot': How 'twin energy' fueled tennis' greatest ever double act
24/7/2024,edition_tennis,French Open crowd boos as Ukraine's Marta Kostyuk refuses to shake hands with Belarusian Aryna Sabalenka
24/7/2024,edition_tennis,"With Rafael Nadal absent and Iga Światek's dominance under threat, the French Open is hard to call"
24/7/2024,edition_tennis,Tennis player Mikael Ymer disqualified from match after smashing racket against umpire's chair
24/7/2024,edition_tennis,"Nick Kyrgios to miss French Open with injury sustained during robbery, agent says"
24/7/2024,edition_tennis,Daniil Medvedev credits new strings for his success in 2023 after winning first clay title at the Italian Open
24/7/2024,edition_tennis,Ukrainian tennis player refuses to shake Russian opponent's hand after semifinal victory
24/7/2024,edition_tennis,"Rafael Nadal withdraws from French Open due to injury, says 'next year is my last year'"
24/7/2024,edition_tennis,Holger Rune beats Novak Djokovic in rainy Italian Open quarterfinal clash
24/7/2024,edition_tennis,Novak Djokovic wasn't happy after Cameron Norrie hit the back of Serbian's leg with a smash in feisty Italian Open match
